nome,peso,altura,imc
Douglas,87,1.85,25.420014609203797
Daniela,37,1.41,18.61073386650571
Pedro,90,1.75,29.387755102040817
Maria,67,1.7,23.18339100346021
Eduardo,96,1.82,28.982007003985025
Ester,70,1.72,23.661438615467823
